DATA,LABEL
fan dedy,NETRAL
semoga jirayut halda jodoh sakinah,POSITIF
lucu tau,POSITIF
disaat halda sudah sadam masih disini,NETRAL
cewek berisik banget sok asik garing jujurly skip,NEGATIF
halda pake kerudung tidak feminim suka ngomong astaga,NETRAL
lagi minum keselek,NETRAL
ayah dedy yah mangilnya,NETRAL
haha banget astaghfirullah,POSITIF
halda halda suara bikin ilfeel ngedengerin cempreng banget,NEGATIF
tidak terasa sudah setahun pertemuan merekaaq masih setia,NETRAL
padahal sudah setahun lalu nton tep saja seru,POSITIF
undang lagi,POSITIF
podcast menyatukan,POSITIF
rewatch kesekian kali,POSITIF
sedih podhub tidak tayang sudah xjadinya rewatch hanyut saja sudah,POSITIF
next sadam pernama haldaa,NETRAL
balik lagi kesini kesekian kalinya,POSITIF
lucu banget parah kalau suru pilih benar episode terseru,POSITIF
balik lagi kngen banget,POSITIF
please vidi ganti circle ber suasana positive semua,POSITIF
artis lagi naik daun masih polos original jujur baik apa adanya,POSITIF
seharusnya caty,NEGATIF
hanyut comeback please,POSITIF
terakhir keknya,NETRAL
pak dedibikinin podcast apa begitu program hostnya halda jirayut,POSITIF
halda manis banget sehat slu iya deek,POSITIF
sekali halda berdua cow cakep coba,POSITIF
tidak kerasa sudah tahu,POSITIF
undang lagi dong berdua lucu banget parah,POSITIF
nita vior jga kali,NETRAL
pokoke the best jirayud hilda,POSITIF
jirayud hajda keren,POSITIF
semoga jodoh,POSITIF
nyumbang ide date pertamanya salon bareng saja,POSITIF
seru banget astaga tapii lebih seru lagi main,POSITIF
keren semuanya seru euy,POSITIF
episode jirayutnya tonton ulang teruscocok buat nemenin kegabutan,POSITIF
sakit jgk rahang haha kocak episode jirayut amp hilda kocak happy lucky the best,POSITIF
nontonya haha smp pegel,POSITIF
amin,NETRAL
href nyanyi lagu thailand,POSITIF
yap balik lagi kesini kngen banget,POSITIF
pahalanya gede sih sudah menghibur masyarakat,POSITIF
undang halda jirayut lagi dong,POSITIF
ded undang lagi dong halda jirayut,POSITIF
menonton ulang berkali tetap haha,POSITIF
ded buat podkes versi hitam putih dong ngundang orangquot kaya pas hitam putih kaya kemaren pas ngundang agam rinjani,POSITIF
terima kasih iya podhub,POSITIF
rada enga jelas kakak konten,NEGATIF
host paling stabil rambut tidak berubah kualitas terus naik keren ded,POSITIF
menonton tahun wah keren banget sih kalau bikin program lucu banget banget,POSITIF
episode nton kali berasa durasi pendek banget,POSITIF
hanyut aniversary,POSITIF
request undang umi halda dong betawi pasti rame,POSITIF
lebih memperhatikan dedy corbuzier kebetulan tidak jauh usianya cara interaksi komunikasinya suka banget asli ortu hebat,NETRAL
gokil kali sampai tidak nyadar sudah nton podcast episode benar benar bikin gigi kering,POSITIF
rewatch seru banget episode sumpah,POSITIF
undang lagi,POSITIF
jirayut vidikombinasi tepatklau tidak kerjaan akuselalu liat podhub jirayutnyamood buster,POSITIF
juni malam sudah juta,NETRAL
ternyata sudah satu tahun lalu hayuk undang lagi,POSITIF
benar sudah tahun lalu,POSITIF
mas dedi pertemukan lagi donk satu tahunys,POSITIF
sukses selalu,POSITIF
haldajirayut kalau jodoh nikah anaknya bagaimana yaa,NETRAL
ded udang lagi dong hanyut sudah mau ingin tau perkembanganya halda jirayut,POSITIF
rindu hanyutbisa yuk diundang ded sudah mau tahun,POSITIF
bikin hestek kata mah komen ide hestek notice,POSITIF
ded sudah mau tahun tgl juni hanyut halda jirayut aniversary semoga bisa diundang lagi kita masih kompak,POSITIF
sudah kali ngulang,POSITIF
sini vidi paling sok spesial,POSITIF
absen lah juni,NETRAL
juni menonton episode lagi,POSITIF
tolong dinundqng mreka dua lagi dong,POSITIF
oke are you ready ewo wok wok wok wok wok wok,POSITIF
semoga berjodoh,POSITIF
quotkalau tidak jadi jin ajaquot sumpah haha kali,POSITIF
menonton tahun absen,NETRAL
jirayut haldaa mudahan jadi smpe anak cucu amin iya rob,POSITIF
sudah hampir setaun hanyut,POSITIF
suasana tamunya positif banget,POSITIF
sudah juta bulan depan tgl sudah setahun semoga bulan depan sudah juta semangat warga hanyut menonton terus smpe bulan depan juta,POSITIF
oke,NETRAL
terhibur banget,POSITIF
from malaysiain cinta pudhub nihcant stop watching,POSITIF
cantik iya halda depok emng cantik cantik teman kaya haha,POSITIF
iya alah nyari gegara yutub pnasaran jirayut sampai ahire liat hilda podhub skali liat asyik yaa apa pas bintang tamuny heboh yak,POSITIF
undang lagi abang hahaahaa sudah rewatch,POSITIF
keren banget jirayut apa jujur banget sehat terus kalian,POSITIF
bulan depan tgl undang hanyut dong satu tahun hanyut tolong,POSITIF
cinta kucing apaan,NEGATIF
sakit perut ketawa,POSITIF
sumpah kalau sudah jirayut undanganga bakal gagal bkin sakit perut,POSITIF
ketawa sampai nangis,POSITIF
dedy senjata makan tuan,POSITIF
terima kasih podhub sudah menemani hari hariku tiap episode tonton lebih kayanya haha suka saja suasana kakak vidi,POSITIF
episode paling seru,POSITIF
sudah menonton xbener kata halda psikolog mahal say kasih kali hanyut program berdua buat obat sekaligus vitamin,POSITIF
bruwakakakak,POSITIF
masih stay disini tahun uuy,POSITIF
sudah mau setahun viewnya naik terus sudah mau juta,POSITIF
ded undang lagi dong konsepnya aniversary thn hanyut unggah lagi tgl juni,POSITIF
undang halda lgi dongkalo gabisa ayutbebas partner siapa,POSITIF
suka banget episode tidak tahu sudah ngulang brp kali,POSITIF
href lucu pod hub serasa milik berduaa,POSITIF
tidak tau lagi sudah brp kali menonton halda jirayut semoga kalian berjodoh,POSITIF
menonton berulang kali,POSITIF
rindu hanyut,POSITIF
menonton terus episode keren banget,POSITIF
sueneng ndelok coktapi koyok ajuur citrane kang dedi pembahas elit politikjur jur,POSITIF
ingin liat halda hamil,POSITIF
pertama liat jirayut pas lagi viral tangmonidaartis thailan nyak meningalsy pertama kali liat hilda anak sekolahdi gabungin begini jadi berasa komplitkarna dua kerenlucuasik,POSITIF
vidi komuknya lucu banget sipaling excited menghargai stiap pmbhsan,POSITIF
tolong undang lago tidak halda jirayut,POSITIF
april masih menonton,NETRAL
undng lagi dong podhub,POSITIF
tidak bosen liat podcast episode bnr lucu banget bikin ketawa berbunga bnr terasa cinta pandangan pertamanya,POSITIF
april rindu,NETRAL
tidak disangka bisa tembus,NETRAL
sudah menonton,NETRAL
sudah menonton,NETRAL
menonton lagi,NETRAL
januari masih menonton,NETRAL
hanyut,NETRAL
happy new year,NETRAL
menonton lagi,NETRAL
jirayut mirip dokter boyke iya,NETRAL
kesekian kali,NETRAL
jerayut titisan olga saputra,NETRAL
kesini lagi tgl januari,NETRAL
lihat dec from,NETRAL
bagaimana endingnya,NETRAL
wahai tim podhub,NETRAL
menonton lgi,NETRAL
bulan lalu,NETRAL
jirayun mirip suara alm olga,NETRAL
baru kesiniternyta toh awal,NETRAL
undang abizar shintya marisca,NETRAL
nyasar lgi sini,NETRAL
kali tonton,NETRAL
sudah menonton,NETRAL
menonton kli,NETRAL
aska siapa,NETRAL
part tolong,NETRAL
siapa mau nebeng kapal,NETRAL
lelaki kalau ketauan salah pasti minta bukti,NEGATIF
setuju pkde dengn kalimat kita diam sakiti bukan karna lemah alah bakal bals semua cinta bunmay,NEGATIF
love you masdani anak muda pasti bela maia tua tau awal pasti tidak tidak benci maia mrk tidak tau pas ultah aming dulu brt sblm terbaik iya tidak boleh benci siapapun,NEGATIF
semangat iya bunda maia netizen bersama bunda,NEGATIF
gimana tidak nikah lhaa perceraianya baru kelar aduh dasar laki sombong kalau emang tidak selingkuh kenapa tidak dulu ngomongnya sebelum ngebuntingun mulmul ngomong baru sekarang aduh mau sebaik apapun mulmul tetep saja iya salah toh akhirnya mau kawinin heran laki satu lagian apa susahnya dulu talak saja maia kalau emang hubungan laki bukanya paham ilmu fiqih tah manusia,NEGATIF
sadar tidak kalau lagi gubah lebih suka langsung laporin komen melecehkan anak harus sangkut pautin lain maia dalam konflik netijen,NEGATIF
serius nanya bisa sih dani muljem jadi angota dpr siapa pilih,NEGATIF
muak banget dengar dani abang deni kuat sih tidak muntah,NEGATIF
mulan rada yaa harusnya komenya diaktifin netizen lampiasanya langsng bukan anaknya harusnya naluri ibu biarin saja sakit ketimbang anaku lah mulan malah menghindar sekali lagi menghindar mau gamau iya larinya safea,NEGATIF
lelaki boleh nikah istrikenapa mesti menghujat pengin nikah orangtp tidak terima,NEGATIF
sudah ganti kek laenkaya keabisan bintang tamu saja,NEGATIF
abang densu jujur ksni baca koment netijen saja iya kali maaf iya maaf krna tidak mau dengar paparan narsumya,NEGATIF
angota dpr gamau denger omongan gimana,NEGATIF
minta bukti selingkuh lah kocak kalau terang terangan bukti iya namanya bukan selingkuh namanya selingkuh iya sembunyi lah kocak tidak ketauan emosi banget,NEGATIF
bukan iya tau agama tidak boleh membuka aib lain bukan iya sndri menyematkan video yamembuka aib memakan bangkai saudara sendiri jadi lagi netizen,NEGATIF
harus expresi deni sumargo pas denger mas dani buat stetment buka bukti perselimgkuhan dibawah tanda tangan tanpa rekanan deni sumargoo ambil gelas dimeja terus lempar pecahin dinding wxpresi supres viral sedunia,NEGATIF
haduh bangsalah undang ocehanya tidak mutu banget jadi dprd tidak jadi contoh,NEGATIF
tuhan sudah melihatkn bahwa baik akn menangbuktix maia slu lindungi tuhan dlm segala apapun,NEGATIF
semakin banyak ngomong semakin buat dirimu jatoh,NEGATIF
dasar laki tidak sadarudh salah malah nyalain mantar istrinya,NEGATIF
otaknya sudah blacklist,NEGATIF
semakin banyak bersuara semakin banyak menghujat,NEGATIF
mnurutku sudah payg buly netizen bukan bunda maiag faedahnya koarorang indonesia tau,NEGATIF
mau tanya lain diluar topickalau beragama islam boleh iya kukunya panjang panjangsuka heran kelihatan agamanya kuat kukunya panjang padahal setauku kuku harus dipotong rapi,NETRAL
jenis laki dewasa serem kalau diajak ngomong makin sini makin nyeremin isi omonganya,NEGATIF
astagfirulah keras banget yakin,NETRAL
amit amit,NEGATIF
intinya banyak bersyukur kehidupan maia sekarang sangat baik terhormat tidak bayangkan misalnya kalau dtg pernikahan dul dlm keadaan msi bawah trpuruk sendirian alhmdulilah maia jaga harga dirinya alah setelah menikah,POSITIF
amah dhanii kayani astaga babi fitnah maya estianty ahmad dhani istri ulan jamila pelakor perbut suami teman wanita lapar kntol ulan jamilaa astaga,NEGATIF
capek ngak sih,NEGATIF
bunda maya truslah bahagia bersama pak iwanterbaik bun syg,POSITIF
alhamdulilah maia sekarang suami baru cinta bunda,POSITIF
kenapa tantrum,NEGATIF
preert lah kau wanita mana mau madu,NEGATIF
lha kalau tidak pihak mana istri minta cerai hadueh,NEGATIF
menit makin menelanjangi diri quotsaya emang orangnya beginiquot tanpa pernah menerima pendapat mendengarkan nasihat sekeliling fix dul sabar banget,NEGATIF
anak haram,NEGATIF
perasaan bukan membuly safea justru psikolog minta dani stop jgn jdi masalah besar neti semakin makin ngebuly safea kasian psikologis safea ntr cuman gara bapa begitu anak jdi korban,NEGATIF
cerai maia kenapa nikah lginya mulanitu jdi pertanyaan netizenjelasin donkbiar nga tuduh selingkuh,NEGATIF
kalau terus memojokan dani mulan apalagi pendukung maya nanti balik kediri sendiri liat dani mulan jamila tidak pernah ngusik kehidupan maya apalagi nyengol maya nanti balik diri sendiri pasti bos dukung dani sih,NEGATIF
jahiliyah tidak punya nurani kayanya,NEGATIF
sebenarnya asal diem tidak usah ditangapi omongan netizen nanti menghilang sendirikenapa masa lalu keungkit lagi iya pas momen anaknya menikah jadinya kayak flasback apa sihyang tidak tau jadi tau sudah tau makin keinget lagikalau kasus pengkhianatan mungkin bisa lihat kasus anang kdnamun coba lihat apakah menghujat anak kdampraulgak adakalaupun paling hanya kenapa bisa gitukarena diam tidak komentar sana sini tidak ngomong tidak ngomong itumereka tau salah dimasa lalu berusaha memperbaiki kesalahan cara dekat anak aurel adiknyamereka ingat tidak melupakan berusaha memperbaiki berusaha menjadi manusia baikwalaupun dulu anang aurel adiknya marah banget usaha ashanty meredam ituseandainya dipihak dani ibunya bisa menasehati sudah iya sudah biarkan berlalu toh sudah memiliki kehidupan masing misal tidak bisa berteman akrab dulu setidaknya tidak menjadi musuhdipihak maia mungkin menasehati mencoba memaafkanmisal ahmad dhani turunkan egonya mulan berusaha minta maaf insyaalah maia pasti luluh sudah lama berlalubiasanya sakit hati bisa sembuh waktu walau bukan sembuhnya,NEGATIF
tim baca komen,NETRAL
undang pihak ketiga abang ybs bagian pelaku iya,NETRAL
secara tidak langsung dani menjatuhkan dirinya sendiri kata video buat tahun lalu chanel lama viewer tidak terlalu banyak nah berarti bunda maya bahas mantan sudah lama dong sekarang sudah tidak bahas mantan lagi lah kenapa setelah nikah anak cewek buly netizen malah serang bunda maya lagi meng video lama,NEGATIF
sombong arogan musuhnya iya netizen sangsi sosial berbicarabukan fisik kena mentalmu,NEGATIF
setelah menonton sampai habis disini mulai faham kalau dhani agak laen pemikiran tidak umum terlalu egois merasa paling benar hanya mementingkan apa pikirkan tanpa memikirkan perasaan ataupun dampak lain kepada disekelilingnya hanya butuh pembelaan sepertinya hatinya cenderung tidak terima semua kenyataan kalau kalah dalam segala mulai citra diri buruk berdampak kepada anaknya hinga kesuksesan bunda maia suami bergelimang kebahagiaan materi maaf kalau salah pemikiran,NEGATIF
kog kasih pangung,NEGATIF
hukum karma tetap berlaku pakdhe setelah bercerai pasti bunmay tidak pernah kasus sampai masuk penjara yaadul asuh maia tidak pernah masalah besar pasti bunmai dapat suami memang jauh lebih baik dalam apapunmenyala bunmay irwan,NEGATIF
tetap team bunda maia dulu smpe sekarang,NEGATIF
pas mantu mungkin salah sajen habis mantu geger,NEGATIF
bikin naik darah,NEGATIF
bawa agama kyk paling benar saja,NEGATIF
dancot podcast densu satu mendingan ditake terpuruk muak banget liat dancot ngatain anaknya netizen bukan bunmai malah bunmai dijadiin sasaran gelo pisan dancot keren banget dikasih pangung,NEGATIF
bunda maia cantik,POSITIF
kalau tidak bisa dinasehati manusiakadang harus nasehati peristiwaudah begitu ajakita manusia biasa jangan merasa paling benar,NEGATIF
makin cerita semakin menelanjangi diri sendiri emang benar anak pelakor woy emang benar anak gundik mau bela diri sendiri emang begitu,NEGATIF
amit cowo kyk begini,NEGATIF
iya tidak bahas salah kalau bunda maya sudah mau bahas brti sudah berdamai masalalu bisa jadi pembelajaran buat ornglain ktika kita posisi bundmay hrus bersikap bagaimana,NEGATIF
lah rasanya tua zolimi dulu bagaimana perihnya rasanya apa tanam tuai,NEGATIF
pak dhani sepertinya masih rasa bunda maia,NEGATIF
tobat saja sihtrus diem refleksi diri jangan koar mulu,NEGATIF
dhani emang gayanya kurang enak kelebihan bukan seorang pembohong,NEGATIF
begini kalau emang perselingkuhan fitnah kenapa ahmad dhani nikah mulan terus kalau emang fakta maia selingkuh kenapa butuh belasan tahun buat nikah kembali setelah cerai,NEGATIF
bawa agama mulu,NEGATIF
penting bukti mau apa saja selama tidak terbukti selama bisa menang dimata hukum aman intinya,NEGATIF
makanya sebelum berbuatberselingkuh berfikir dulu hasil karma sendiri,NEGATIF
sebelum iya waktu perkenalan dulu iya mas iya lupa kita,NEGATIF
selamat menikmati kebahagiaan hari tua bunda maya suami becek ketetek olo ketoro,NEGATIF
kek nyindir yaa mas danii duhahaha mentang mas irwan kaya raya tidak punya anak bawa agamaa mulu aduh tidak semua netizen indo agama islam,NEGATIF
dani semua lebih percaya maia daripada maia tidak pernah berghibah maia kalau tanya baru menjawab beliau memberikan nasihat jika kita teraniaya mengalami percobaan besar maka kita harus bersyukur beliau mendapatkan lebih baik sudah bahagia mesti ingat lho dani tidak bisa menerima safea siapa menasihati menerima safea menasihati maia harus ingat maia menasihati bisa menerima darah daging mau menunjukan bukti maia hubungan laki kalau memang betul kepala keluarga berarti gagal dong harusnya bukan cerai dong kepala keluarga harus mengupayakan utuh perkara safea cukup menasihati kuat tidak menjelek jelekan maia salah besar kamukarena memang tidak adil,NEGATIF
kalian sok tau suka nyinyirin hidup rumah tanga lain sadarlah kalian tidak tau permasalahan berdua masa lalu dulu waktu masih smp menyalahkan bapak menceraikan ibu bapak menikah lagi setelah dewasa tau permasalahan sebetulnya kakak lebih tau permasalahanya baru cerita setelah usia tahun sadar bapak emang sudah benar keputusanya bapak menangung sanksi sosial masyarakat sekitar gosipin selingkuh nikah lagi kesalahan mutlak ibu stop gibah ngurusin rumah tanga lain kalian kurang kerjaan kah,NEGATIF
cowoo freak,NEGATIF
hari juta penonton lebih dhani efect,NETRAL
iya kyk begini ikutan gemes banget ijut prihatin dech baru nikah sudah kusruh kyk begini tidak tau lah iya apa dipikiran bpk satu saja dengernya malu,NEGATIF
wajar klau anaknya dibuli klauan ibunya merebutsuami,NEGATIF
tidak pernah dengar memang manusia paling egois,NEGATIF
kalau membicarakan lain denger kalau sehub maia tidak mau dengerin tidak paham cerita sebenernya bukan sodara,NEGATIF
sudah tidak usah komen negatifnambah dosa kalau salahini ranah rumah tangapribadi,NEGATIF
harusnya harusnya harusnya ibunya dul tidak usah begini tidak usah begitu heh walid terserah dialah apa ngatur tidak pernah bahas krna pihak bersalah skt hati lakinya saja biasa saja sewot banget tidak msk akal cerita pengalaman dibilang ghibah sekarang apa anak nikah bikin ulah kesingung iya tidak dtg ngunduh mantu iya sekarang ketauan dengki sapee,NEGATIF
syukurlah hujatkarena layak hujat,NEGATIF
manusia egois banget kalau sudah berkehendak tidak bisa melarang,NEGATIF
stasiun langsung tidak mau ngundang,NEGATIF
gerindra bagaimana bisa milih backgroundnya tidak sekolah mana ngaku sendiri href,NEGATIF
kalau tidak salah dulu pernah dengar kalau awalnya selingkuh maia benar tidak gaes cuman dhani emang tidak mau anaknya tau jejak digital soal selingkuh ibunya,NEGATIF
berani berbuatdl berani bertgjwb,NEGATIF
pakde rekam jejak sdah terbukti sombong giliran terpojok lapor polisi polisi kalah nyalahin pemerintah,NEGATIF
hadapan tuhan manusia paling mulia hati perbuatan baik sehinga punya tabungan pahala baikinilah harta sesunguhnya dibawa kematianharta dunia hanya titipan sementaraanakuangrumahmobiljabatandl,NEGATIF
bunda maia jangan liat podcast yaabaikan podcast masa kini lebih penting lalubiarkan saja mahabenar bicara,NEGATIF
quotdeny sumargo much smarter than ahmad dhaniquot bukti telak tidak terelakan podcast,NEGATIF
memalukan indonesia memalukan tidak sihgw gamalu,NEGATIF
terbukti hrs syuhada sudah jalan tepat,NEGATIF
manusia mahabenar tidak rumongso,NEGATIF
kalau ngak merasa anaknya begitu bukan dilawan gomongin lain kirain dani bijak ternyata fikiranya hanya segitu,NEGATIF
sudah menonton sampai menit milih keluar ngak menonton lagi krna sudah eneg,NEGATIF
densu cerdas sumpah kliatan banget oon tong kosong,NEGATIF
takuut iya alah,NEGATIF
padahal pencipta lagu hits kenapa dulu tidak pernah ngerti apa diucapkan iya kek suka ngaco saja begitu kedengeranya apalagi soal pemain naturalisasi waktu,NEGATIF
najis,NEGATIF
dalem hati abang densu quotooh pantesquot,NEGATIF
gembredek kyok pitek ate ngendok deepakdee menyalaa bunmai hbis dibelikan mobil noh,NEGATIF
lah emangnya sendiri tidak bar kalau ngomong nyalahin netijen pernah kena kasus hukum gara bar,NEGATIF
abang densu request iya tolong wawancarai mas bimbim slank suka lihat keluarga mas bimbim slank enak dilihat,NEGATIF
lucu pakde mana pelaku mengumbar aib,NEGATIF
